Workbook

Sheet 사용안내
B1: 신정개발(주) 경영지원 통합 데이터 파일
B2: 이 파일은 경영지원 대시보드(웹)의 데이터 원본입니다. 담당자가 이 파일에 입력한 데이터를 웹 서비스가 읽어 시각화합니다.
B3: ※ 현재 입력된 모든 데이터(거래처·프로젝트·금액·인명 등)는 구조 확인용 가상 샘플입니다. 실제 데이터로 교체 후 사용하세요.
B5: 1. 시트 구성
B6: 기준정보 | C6: 회사 정보, 부가세율·4대보험 요율, 각 시트 드롭다운에 쓰이는 코드 목록
B7: 거래처 | C7: 발주처·협력사·자재업체 등 모든 거래처 마스터
B8: 프로젝트 | C8: 수주 프로젝트(현장) 마스터 — 계약금액, 진행상태, 진행률
B9: 매출 | C9: 프로젝트별 기성/준공 청구 및 수금 관리 (미수금 자동 계산)
B10: 매입 | C10: 자재비·외주비·노무비 등 매입/지급 관리 (미지급금 자동 계산)
B11: 자금일보 | C11: 계좌 입출금 내역과 잔액 (기초잔액부터 자동 누계)
B12: 인사명부 | C12: 임직원 기본 정보
B13: 급여대장 | C13: 월별 급여 지급 내역 (4대보험 공제 자동 계산)
B14: 월별요약 | C14: 위 시트들을 자동 집계한 요약 — 입력 금지, 수식만 존재
B16: 2. 입력 규칙 (대시보드 연동을 위해 반드시 지켜주세요)
B17: ① 시트 이름과 1행의 열 제목(헤더)은 절대 변경/삭제하지 마세요. 웹 서비스가 이 이름으로 데이터를 찾습니다.
B18: ② 데이터는 2행부터 빈 행 없이 이어서 입력하세요. 중간에 빈 행이 있으면 그 아래는 읽히지 않을 수 있습니다.
B19: ③ 새 행 추가 시: 마지막 데이터 행을 복사한 뒤 값만 수정하면 수식(검은색/초록색 열)이 유지됩니다.
B20: ④ 날짜는 반드시 날짜 형식(yyyy-mm-dd)으로 입력하세요. 문자로 입력하면 월별 집계에서 빠집니다.
B21: ⑤ 코드(거래처코드·프로젝트코드·사번)는 중복 없이 규칙대로 부여하세요. 아래 3번 참고.
B22: ⑥ 드롭다운(구분·상태·계정과목 등)은 기준정보 시트의 목록과 연결되어 있습니다. 항목 추가는 기준정보에서 하세요.
B24: 3. 코드 규칙
B25: 거래처코드 | C25: C001, C002, … (신규 거래처는 마지막 번호 +1)
B26: 프로젝트코드 | C26: PJ연도-순번 (예: PJ2026-001)
B27: 매출ID | C27: S-연도-순번 (예: S-2026-001)
B28: 매입ID | C28: P-연도-순번 (예: P-2026-001)
B29: 사번 | C29: E001, E002, …
B31: 4. 색상 규칙
B32: 파란색 글씨 | C32: 직접 입력하는 값 (금액, 날짜 등)
B33: 검은색 글씨 | C33: 수식 또는 일반 텍스트 — 수식 열은 직접 입력하지 말 것
B34: 초록색 글씨 | C34: 다른 시트를 참조하는 수식 (예: 거래처명 자동 표시)
B35: 노란색 배경 | C35: 실제 값으로 교체/확인이 필요한 칸
B37: 5. 대시보드 연동 메모
B38: · 이 파일을 GitHub 저장소의 data 폴더에 커밋하면 Vercel에 배포된 대시보드가 읽어갑니다.
B39: · 저장소용 파일명은 영문(예: sj-data.xlsx)을 권장합니다. 한글 파일명은 URL 인코딩 문제가 생길 수 있습니다.
B40: · 웹이 읽는 시트: 거래처, 프로젝트, 매출, 매입, 자금일보, 인사명부, 급여대장 (월별요약은 웹에서 자체 계산)
B41: · 수금상태/지급상태 등 수식 열은 웹에서도 동일 규칙으로 재계산하므로, 값이 어긋나면 원본 입력값을 확인하세요.

Sheet 기준정보
A1: ■ 회사 기본정보
A2: 회사명 | B2: 신정개발(주)
A3: 대표자 | B3: (실제 값 입력)
A4: 사업자등록번호 | B4: 000-00-00000 | C4: ← 사업자등록번호 실제 값으로 교체
A5: 업태 | B5: 건설업
A6: 종목 | B6: 토목공사업, 건축공사업
A7: 주소 | B7: (실제 값 입력)
A8: 회계연도 | B8: 2026
A9: 부가세율 | B9: 0.1
A11: ■ 4대보험 요율 (근로자 부담분, 2026년 기준 — 매년 확인)
A12: 국민연금 | B12: 0.045
A13: 건강보험 | B13: 0.03545
A14: 장기요양(건강보험료의 %) | B14: 0.1295
A15: 고용보험 | B15: 0.009
A17: ■ 코드 목록 (드롭다운 원본 — 항목은 아래로 추가 가능)
A18: 거래처구분 | B18: 공사구분 | C18: 진행상태 | D18: 청구구분 | E18: 계정과목 | F18: 부서 | G18: 직급 | H18: 재직상태 | I18: 계좌 | J18: 자금구분 | K18: 자금항목
A19: 발주처 | B19: 관급공사 | C19: 견적/입찰 | D19: 선급금 | E19: 자재비 | F19: 임원 | G19: 대표이사 | H19: 재직 | I19: 기업은행(주거래) | J19: 기초 | K19: 기초잔액
A20: 외주/협력사 | B20: 민간공사 | C20: 계약 | D20: 기성금 | E20: 외주비 | F20: 경영지원부 | G20: 이사 | H20: 휴직 | I20: 국민은행 | J20: 입금 | K20: 공사대금입금
A21: 자재업체 | B21: 하도급공사 | C21: 진행중 | D21: 준공금 | E21: 노무비 | F21: 공무부 | G21: 부장 | H21: 퇴사 | I21: 농협 | J21: 출금 | K21: 기타입금
A22: 장비업체 | B22: 용역/설계 | C22: 준공 | D22: 추가공사 | E22: 장비임차료 | F22: 공사부 | G22: 차장 | K22: 자재대금
A23: 용역 | B23: 기타 | C23: 하자보수 | D23: 기타 | E23: 현장경비 | F23: 안전관리부 | G23: 과장 | K23: 외주비지급
A24: 기타 | C24: 중단/보류 | E24: 일반관리비 | F24: 영업부 | G24: 대리 | K24: 노무비지급
E25: 세금과공과 | G25: 주임 | K25: 장비대금
E26: 기타 | G26: 사원 | K26: 급여
K27: 4대보험
K28: 세금
K29: 임차료
K30: 운영비
K31: 기타출금

Sheet 거래처
A1: 거래처코드 | B1: 거래처명 | C1: 구분 | D1: 사업자번호 | E1: 대표자 | F1: 담당자 | G1: 연락처 | H1: 이메일 | I1: 주요거래내용 | J1: 결제조건 | K1: 비고
A2: C001 | B2: 한국토지주택공사(LH) | C2: 발주처 | D2: 129-82-00001 | E2: - | F2: 김주택 | G2: 055-000-0001 | H2: lh@sample.kr | I2: 관급공사 발주 | J2: 기성 청구 후 30일
A3: C002 | B3: 성남시청 | C3: 발주처 | D3: 129-83-00002 | E3: - | F3: 박도로 | G3: 031-000-0002 | H3: seongnam@sample.kr | I3: 관급공사 발주 | J3: 기성 청구 후 30일
A4: C003 | B4: (주)대명디앤씨 | C4: 발주처 | D4: 220-81-00003 | E4: 이대명 | F4: 최시행 | G4: 02-000-0003 | H4: dm@sample.kr | I4: 민간 개발사업 발주 | J4: 기성 청구 후 45일 | K4: 민간 시행사
A5: C004 | B5: (주)한빛종합건설 | C5: 발주처 | D5: 214-81-00004 | E5: 정한빛 | F5: 김원청 | G5: 02-000-0004 | H5: hanbit@sample.kr | I5: 하도급 공사 원청 | J5: 기성 청구 후 60일 | K5: 원청사
A6: C005 | B6: (주)동성레미콘 | C6: 자재업체 | D6: 135-81-00005 | E6: 송동성 | F6: 이납품 | G6: 031-000-0005 | H6: ds@sample.kr | I6: 레미콘 | J6: 월말 마감 익월 말 지급
A7: C006 | B7: 대한철강(주) | C7: 자재업체 | D7: 606-81-00006 | E7: 강대한 | F7: 박철근 | G7: 032-000-0006 | H7: dh@sample.kr | I7: 철근·형강 | J7: 월말 마감 익월 말 지급
A8: C007 | B8: (주)세움전기 | C8: 외주/협력사 | D8: 124-81-00007 | E8: 한세움 | F8: 전기사 | G8: 031-000-0007 | H8: sw@sample.kr | I8: 전기공사 외주 | J8: 기성 지급
A9: C008 | B9: 신화설비(주) | C9: 외주/협력사 | D9: 142-81-00008 | E9: 오신화 | F9: 설비왕 | G9: 031-000-0008 | H9: sh@sample.kr | I9: 기계설비 외주 | J9: 기성 지급
A10: C009 | B10: (주)그린조경 | C10: 외주/협력사 | D10: 215-81-00009 | E10: 임그린 | F10: 나조경 | G10: 031-000-0009 | H10: green@sample.kr | I10: 조경공사 외주 | J10: 기성 지급
A11: C010 | B11: 대성중기 | C11: 장비업체 | D11: 128-12-00010 | E11: 유대성 | F11: 장비맨 | G11: 010-0000-0010 | H11: dsj@sample.kr | I11: 굴착기·덤프 임차 | J11: 월말 마감 익월 말 지급
A12: C011 | B12: (주)한솔산업안전 | C12: 용역 | D12: 119-81-00011 | E12: 조한솔 | F12: 안전제 | G12: 02-000-0011 | H12: hansol@sample.kr | I12: 안전관리 위탁 | J12: 분기 선지급
A13: C012 | B13: 김앤리세무회계 | C13: 용역 | D13: 101-11-00012 | E13: 김세무 | F13: 리회계 | G13: 02-000-0012 | H13: knl@sample.kr | I13: 기장·세무신고 | J13: 분기 후지급

Sheet 프로젝트
A1: 프로젝트코드 | B1: 프로젝트명 | C1: 발주처코드 | D1: 발주처명 | E1: 공사구분 | F1: 계약일 | G1: 착공일 | H1: 준공예정일 | I1: 계약금액(공급가액,원) | J1: 부가세(원) | K1: 총계약금액(원) | L1: 진행상태 | M1: 진행률 | N1: 담당자 | O1: 비고
A2: PJ2025-003 | B2: 성남 수정구 도로 확포장공사 | C2: C002 | D2: =IFERROR(VLOOKUP(C2,거래처!$A:$B,2,0),"") -> 성남시청 | E2: 관급공사 | F2: 45730 | G2: 45748 | H2: 46006 | I2: 1850000000 | J2: =IF(I2="","",ROUND(I2*기준정보!$B$9,0)) -> 185000000 | K2: =IF(I2="","",I2+J2) -> 2035000000 | L2: 준공 | M2: 1 | N2: 한상길 | O2: 하자보수기간 2년(~2027-12)
A3: PJ2025-004 | B3: 하남 물류센터 신축 토공사(하도급) | C3: C004 | D3: =IFERROR(VLOOKUP(C3,거래처!$A:$B,2,0),"") -> (주)한빛종합건설 | E3: 하도급공사 | F3: 45902 | G3: 45915 | H3: 46265 | I3: 920000000 | J3: =IF(I3="","",ROUND(I3*기준정보!$B$9,0)) -> 92000000 | K3: =IF(I3="","",I3+J3) -> 1012000000 | L3: 진행중 | M3: 0.85 | N3: 오민재
A4: PJ2026-001 | B4: 위례 근린생활시설 신축공사 | C4: C003 | D4: =IFERROR(VLOOKUP(C4,거래처!$A:$B,2,0),"") -> (주)대명디앤씨 | E4: 민간공사 | F4: 46042 | G4: 46063 | H4: 46446 | I4: 2400000000 | J4: =IF(I4="","",ROUND(I4*기준정보!$B$9,0)) -> 240000000 | K4: =IF(I4="","",I4+J4) -> 2640000000 | L4: 진행중 | M4: 0.45 | N4: 한상길
A5: PJ2026-002 | B5: LH 행복주택 부대토목·조경공사 | C5: C001 | D5: =IFERROR(VLOOKUP(C5,거래처!$A:$B,2,0),"") -> 한국토지주택공사(LH) | E5: 관급공사 | F5: 46086 | G5: 46101 | H5: 46376 | I5: 1300000000 | J5: =IF(I5="","",ROUND(I5*기준정보!$B$9,0)) -> 130000000 | K5: =IF(I5="","",I5+J5) -> 1430000000 | L5: 진행중 | M5: 0.3 | N5: 오민재
A6: PJ2026-003 | B6: 분당 사옥 리모델링공사 | C6: C003 | D6: =IFERROR(VLOOKUP(C6,거래처!$A:$B,2,0),"") -> (주)대명디앤씨 | E6: 민간공사 | F6: 46153 | G6: 46174 | H6: 46326 | I6: 680000000 | J6: =IF(I6="","",ROUND(I6*기준정보!$B$9,0)) -> 68000000 | K6: =IF(I6="","",I6+J6) -> 748000000 | L6: 진행중 | M6: 0.15 | N6: 한상길
A7: PJ2026-004 | B7: 광주 산업단지 진입도로 개설공사 | C7: C002 | D7: =IFERROR(VLOOKUP(C7,거래처!$A:$B,2,0),"") -> 성남시청 | E7: 관급공사 | F7: 46198 | G7: 46235 | H7: 46568 | I7: 3100000000 | J7: =IF(I7="","",ROUND(I7*기준정보!$B$9,0)) -> 310000000 | K7: =IF(I7="","",I7+J7) -> 3410000000 | L7: 계약 | M7: 0 | N7: 미정 | O7: 2026-08 착공 예정
A8: PJ2026-005 | B8: 모란 상가주택 신축 설계·인허가 용역 | C8: C003 | D8: =IFERROR(VLOOKUP(C8,거래처!$A:$B,2,0),"") -> (주)대명디앤씨 | E8: 용역/설계 | I8: 120000000 | J8: =IF(I8="","",ROUND(I8*기준정보!$B$9,0)) -> 12000000 | K8: =IF(I8="","",I8+J8) -> 132000000 | L8: 견적/입찰 | M8: 0 | N8: 최준혁 | O8: 견적 제출(6/20), 결과 대기

Sheet 매출
A1: 매출ID | B1: 청구일자 | C1: 프로젝트코드 | D1: 프로젝트명 | E1: 거래처코드 | F1: 거래처명 | G1: 청구구분 | H1: 내용 | I1: 공급가액(원) | J1: 부가세(원) | K1: 합계(원) | L1: 계산서발행 | M1: 수금예정일 | N1: 수금일 | O1: 수금액(원) | P1: 미수금(원) | Q1: 수금상태 | R1: 비고
A2: S-2026-001 | B2: 46037 | C2: PJ2025-003 | D2: =IFERROR(VLOOKUP(C2,프로젝트!$A:$B,2,0),"") -> 성남 수정구 도로 확포장공사 | E2: C002 | F2: =IFERROR(VLOOKUP(E2,거래처!$A:$B,2,0),"") -> 성남시청 | G2: 준공금 | H2: 도로확포장공사 준공 정산금 | I2: 185000000 | J2: =IF(I2="","",ROUND(I2*기준정보!$B$9,0)) -> 18500000 | K2: =IF(I2="","",I2+J2) -> 203500000 | L2: Y | M2: 46068 | N2: 46066 | O2: 203500000 | P2: =IF(K2="","",K2-O2) -> 0 | Q2: =IF(K2="","",IF(O2>=K2,"수금완료",IF(O2>0,"부분수금","미수"))) -> 수금완료
A3: S-2026-002 | B3: 46053 | C3: PJ2025-004 | D3: =IFERROR(VLOOKUP(C3,프로젝트!$A:$B,2,0),"") -> 하남 물류센터 신축 토공사(하도급) | E3: C004 | F3: =IFERROR(VLOOKUP(E3,거래처!$A:$B,2,0),"") -> (주)한빛종합건설 | G3: 기성금 | H3: 5회차 기성 | I3: 95000000 | J3: =IF(I3="","",ROUND(I3*기준정보!$B$9,0)) -> 9500000 | K3: =IF(I3="","",I3+J3) -> 104500000 | L3: Y | M3: 46083 | N3: 46083 | O3: 104500000 | P3: =IF(K3="","",K3-O3) -> 0 | Q3: =IF(K3="","",IF(O3>=K3,"수금완료",IF(O3>0,"부분수금","미수"))) -> 수금완료
A4: S-2026-003 | B4: 46080 | C4: PJ2026-001 | D4: =IFERROR(VLOOKUP(C4,프로젝트!$A:$B,2,0),"") -> 위례 근린생활시설 신축공사 | E4: C003 | F4: =IFERROR(VLOOKUP(E4,거래처!$A:$B,2,0),"") -> (주)대명디앤씨 | G4: 선급금 | H4: 선급금(계약금액의 10%) | I4: 240000000 | J4: =IF(I4="","",ROUND(I4*기준정보!$B$9,0)) -> 24000000 | K4: =IF(I4="","",I4+J4) -> 264000000 | L4: Y | M4: 46091 | N4: 46090 | O4: 264000000 | P4: =IF(K4="","",K4-O4) -> 0 | Q4: =IF(K4="","",IF(O4>=K4,"수금완료",IF(O4>0,"부분수금","미수"))) -> 수금완료
A5: S-2026-004 | B5: 46112 | C5: PJ2025-004 | D5: =IFERROR(VLOOKUP(C5,프로젝트!$A:$B,2,0),"") -> 하남 물류센터 신축 토공사(하도급) | E5: C004 | F5: =IFERROR(VLOOKUP(E5,거래처!$A:$B,2,0),"") -> (주)한빛종합건설 | G5: 기성금 | H5: 6회차 기성 | I5: 88000000 | J5: =IF(I5="","",ROUND(I5*기준정보!$B$9,0)) -> 8800000 | K5: =IF(I5="","",I5+J5) -> 96800000 | L5: Y | M5: 46142 | N5: 46142 | O5: 96800000 | P5: =IF(K5="","",K5-O5) -> 0 | Q5: =IF(K5="","",IF(O5>=K5,"수금완료",IF(O5>0,"부분수금","미수"))) -> 수금완료
A6: S-2026-005 | B6: 46122 | C6: PJ2026-002 | D6: =IFERROR(VLOOKUP(C6,프로젝트!$A:$B,2,0),"") -> LH 행복주택 부대토목·조경공사 | E6: C001 | F6: =IFERROR(VLOOKUP(E6,거래처!$A:$B,2,0),"") -> 한국토지주택공사(LH) | G6: 선급금 | H6: 선급금(계약금액의 10%) | I6: 130000000 | J6: =IF(I6="","",ROUND(I6*기준정보!$B$9,0)) -> 13000000 | K6: =IF(I6="","",I6+J6) -> 143000000 | L6: Y | M6: 46142 | N6: 46140 | O6: 143000000 | P6: =IF(K6="","",K6-O6) -> 0 | Q6: =IF(K6="","",IF(O6>=K6,"수금완료",IF(O6>0,"부분수금","미수"))) -> 수금완료
A7: S-2026-006 | B7: 46142 | C7: PJ2026-001 | D7: =IFERROR(VLOOKUP(C7,프로젝트!$A:$B,2,0),"") -> 위례 근린생활시설 신축공사 | E7: C003 | F7: =IFERROR(VLOOKUP(E7,거래처!$A:$B,2,0),"") -> (주)대명디앤씨 | G7: 기성금 | H7: 1회차 기성 | I7: 320000000 | J7: =IF(I7="","",ROUND(I7*기준정보!$B$9,0)) -> 32000000 | K7: =IF(I7="","",I7+J7) -> 352000000 | L7: Y | M7: 46173 | N7: 46171 | O7: 352000000 | P7: =IF(K7="","",K7-O7) -> 0 | Q7: =IF(K7="","",IF(O7>=K7,"수금완료",IF(O7>0,"부분수금","미수"))) -> 수금완료
A8: S-2026-007 | B8: 46171 | C8: PJ2025-004 | D8: =IFERROR(VLOOKUP(C8,프로젝트!$A:$B,2,0),"") -> 하남 물류센터 신축 토공사(하도급) | E8: C004 | F8: =IFERROR(VLOOKUP(E8,거래처!$A:$B,2,0),"") -> (주)한빛종합건설 | G8: 기성금 | H8: 7회차 기성 | I8: 92000000 | J8: =IF(I8="","",ROUND(I8*기준정보!$B$9,0)) -> 9200000 | K8: =IF(I8="","",I8+J8) -> 101200000 | L8: Y | M8: 46203 | N8: 46203 | O8: 55000000 | P8: =IF(K8="","",K8-O8) -> 46200000 | Q8: =IF(K8="","",IF(O8>=K8,"수금완료",IF(O8>0,"부분수금","미수"))) -> 부분수금 | R8: 원청 자금 사정으로 부분 수금
A9: S-2026-008 | B9: 46171 | C9: PJ2026-002 | D9: =IFERROR(VLOOKUP(C9,프로젝트!$A:$B,2,0),"") -> LH 행복주택 부대토목·조경공사 | E9: C001 | F9: =IFERROR(VLOOKUP(E9,거래처!$A:$B,2,0),"") -> 한국토지주택공사(LH) | G9: 기성금 | H9: 1회차 기성 | I9: 210000000 | J9: =IF(I9="","",ROUND(I9*기준정보!$B$9,0)) -> 21000000 | K9: =IF(I9="","",I9+J9) -> 231000000 | L9: Y | M9: 46198 | N9: 46198 | O9: 231000000 | P9: =IF(K9="","",K9-O9) -> 0 | Q9: =IF(K9="","",IF(O9>=K9,"수금완료",IF(O9>0,"부분수금","미수"))) -> 수금완료
A10: S-2026-009 | B10: 46203 | C10: PJ2026-001 | D10: =IFERROR(VLOOKUP(C10,프로젝트!$A:$B,2,0),"") -> 위례 근린생활시설 신축공사 | E10: C003 | F10: =IFERROR(VLOOKUP(E10,거래처!$A:$B,2,0),"") -> (주)대명디앤씨 | G10: 기성금 | H10: 2회차 기성 | I10: 380000000 | J10: =IF(I10="","",ROUND(I10*기준정보!$B$9,0)) -> 38000000 | K10: =IF(I10="","",I10+J10) -> 418000000 | L10: Y | M10: 46234 | P10: =IF(K10="","",K10-O10) -> 418000000 | Q10: =IF(K10="","",IF(O10>=K10,"수금완료",IF(O10>0,"부분수금","미수"))) -> 미수
A11: S-2026-010 | B11: 46203 | C11: PJ2026-003 | D11: =IFERROR(VLOOKUP(C11,프로젝트!$A:$B,2,0),"") -> 분당 사옥 리모델링공사 | E11: C003 | F11: =IFERROR(VLOOKUP(E11,거래처!$A:$B,2,0),"") -> (주)대명디앤씨 | G11: 선급금 | H11: 선급금(계약금액의 10%) | I11: 68000000 | J11: =IF(I11="","",ROUND(I11*기준정보!$B$9,0)) -> 6800000 | K11: =IF(I11="","",I11+J11) -> 74800000 | L11: Y | M11: 46218 | P11: =IF(K11="","",K11-O11) -> 74800000 | Q11: =IF(K11="","",IF(O11>=K11,"수금완료",IF(O11>0,"부분수금","미수"))) -> 미수
A12: S-2026-011 | B12: 46203 | C12: PJ2025-004 | D12: =IFERROR(VLOOKUP(C12,프로젝트!$A:$B,2,0),"") -> 하남 물류센터 신축 토공사(하도급) | E12: C004 | F12: =IFERROR(VLOOKUP(E12,거래처!$A:$B,2,0),"") -> (주)한빛종합건설 | G12: 기성금 | H12: 8회차 기성 | I12: 85000000 | J12: =IF(I12="","",ROUND(I12*기준정보!$B$9,0)) -> 8500000 | K12: =IF(I12="","",I12+J12) -> 93500000 | L12: N | M12: 46234 | P12: =IF(K12="","",K12-O12) -> 93500000 | Q12: =IF(K12="","",IF(O12>=K12,"수금완료",IF(O12>0,"부분수금","미수"))) -> 미수 | R12: 계산서 발행 예정

Sheet 매입
A1: 매입ID | B1: 일자 | C1: 프로젝트코드 | D1: 프로젝트명 | E1: 거래처코드 | F1: 거래처명 | G1: 계정과목 | H1: 내용 | I1: 공급가액(원) | J1: 부가세(원) | K1: 합계(원) | L1: 지급예정일 | M1: 지급일 | N1: 지급액(원) | O1: 미지급금(원) | P1: 지급상태 | Q1: 비고
A2: P-2026-001 | B2: 46053 | C2: PJ2025-004 | D2: =IFERROR(VLOOKUP(C2,프로젝트!$A:$B,2,0),"") -> 하남 물류센터 신축 토공사(하도급) | E2: C010 | F2: =IFERROR(VLOOKUP(E2,거래처!$A:$B,2,0),"") -> 대성중기 | G2: 장비임차료 | H2: 굴착기·덤프 임차(1월) | I2: 18000000 | J2: =IF(I2="","",ROUND(I2*기준정보!$B$9,0)) -> 1800000 | K2: =IF(I2="","",I2+J2) -> 19800000 | L2: 46081 | M2: 46080 | N2: 19800000 | O2: =IF(K2="","",K2-N2) -> 0 | P2: =IF(K2="","",IF(N2>=K2,"지급완료",IF(N2>0,"부분지급","미지급"))) -> 지급완료
A3: P-2026-002 | B3: 46081 | C3: PJ2026-001 | D3: =IFERROR(VLOOKUP(C3,프로젝트!$A:$B,2,0),"") -> 위례 근린생활시설 신축공사 | E3: C005 | F3: =IFERROR(VLOOKUP(E3,거래처!$A:$B,2,0),"") -> (주)동성레미콘 | G3: 자재비 | H3: 레미콘 타설(기초) | I3: 42000000 | J3: =IF(I3="","",ROUND(I3*기준정보!$B$9,0)) -> 4200000 | K3: =IF(I3="","",I3+J3) -> 46200000 | L3: 46112 | M3: 46112 | N3: 46200000 | O3: =IF(K3="","",K3-N3) -> 0 | P3: =IF(K3="","",IF(N3>=K3,"지급완료",IF(N3>0,"부분지급","미지급"))) -> 지급완료
A4: P-2026-003 | B4: 46081 | C4: PJ2026-001 | D4: =IFERROR(VLOOKUP(C4,프로젝트!$A:$B,2,0),"") -> 위례 근린생활시설 신축공사 | E4: C006 | F4: =IFERROR(VLOOKUP(E4,거래처!$A:$B,2,0),"") -> 대한철강(주) | G4: 자재비 | H4: 철근 1차 납품 | I4: 68000000 | J4: =IF(I4="","",ROUND(I4*기준정보!$B$9,0)) -> 6800000 | K4: =IF(I4="","",I4+J4) -> 74800000 | L4: 46112 | M4: 46112 | N4: 74800000 | O4: =IF(K4="","",K4-N4) -> 0 | P4: =IF(K4="","",IF(N4>=K4,"지급완료",IF(N4>0,"부분지급","미지급"))) -> 지급완료
A5: P-2026-004 | B5: 46112 | C5: PJ2026-001 | D5: =IFERROR(VLOOKUP(C5,프로젝트!$A:$B,2,0),"") -> 위례 근린생활시설 신축공사 | E5: C007 | F5: =IFERROR(VLOOKUP(E5,거래처!$A:$B,2,0),"") -> (주)세움전기 | G5: 외주비 | H5: 전기공사 1차 기성 | I5: 55000000 | J5: =IF(I5="","",ROUND(I5*기준정보!$B$9,0)) -> 5500000 | K5: =IF(I5="","",I5+J5) -> 60500000 | L5: 46142 | M5: 46142 | N5: 60500000 | O5: =IF(K5="","",K5-N5) -> 0 | P5: =IF(K5="","",IF(N5>=K5,"지급완료",IF(N5>0,"부분지급","미지급"))) -> 지급완료
A6: P-2026-005 | B6: 46112 | C6: PJ2025-004 | D6: =IFERROR(VLOOKUP(C6,프로젝트!$A:$B,2,0),"") -> 하남 물류센터 신축 토공사(하도급) | E6: C010 | F6: =IFERROR(VLOOKUP(E6,거래처!$A:$B,2,0),"") -> 대성중기 | G6: 장비임차료 | H6: 굴착기·덤프 임차(3월) | I6: 22000000 | J6: =IF(I6="","",ROUND(I6*기준정보!$B$9,0)) -> 2200000 | K6: =IF(I6="","",I6+J6) -> 24200000 | L6: 46142 | M6: 46142 | N6: 24200000 | O6: =IF(K6="","",K6-N6) -> 0 | P6: =IF(K6="","",IF(N6>=K6,"지급완료",IF(N6>0,"부분지급","미지급"))) -> 지급완료
A7: P-2026-006 | B7: 46112 | D7: =IFERROR(VLOOKUP(C7,프로젝트!$A:$B,2,0),"") | E7: C012 | F7: =IFERROR(VLOOKUP(E7,거래처!$A:$B,2,0),"") -> 김앤리세무회계 | G7: 일반관리비 | H7: 기장수수료(1분기) | I7: 900000 | J7: =IF(I7="","",ROUND(I7*기준정보!$B$9,0)) -> 90000 | K7: =IF(I7="","",I7+J7) -> 990000 | L7: 46122 | M7: 46122 | N7: 990000 | O7: =IF(K7="","",K7-N7) -> 0 | P7: =IF(K7="","",IF(N7>=K7,"지급완료",IF(N7>0,"부분지급","미지급"))) -> 지급완료 | Q7: 본사
A8: P-2026-007 | B8: 46142 | C8: PJ2026-002 | D8: =IFERROR(VLOOKUP(C8,프로젝트!$A:$B,2,0),"") -> LH 행복주택 부대토목·조경공사 | E8: C009 | F8: =IFERROR(VLOOKUP(E8,거래처!$A:$B,2,0),"") -> (주)그린조경 | G8: 외주비 | H8: 조경 식재 1차 기성 | I8: 46000000 | J8: =IF(I8="","",ROUND(I8*기준정보!$B$9,0)) -> 4600000 | K8: =IF(I8="","",I8+J8) -> 50600000 | L8: 46171 | M8: 46171 | N8: 50600000 | O8: =IF(K8="","",K8-N8) -> 0 | P8: =IF(K8="","",IF(N8>=K8,"지급완료",IF(N8>0,"부분지급","미지급"))) -> 지급완료
A9: P-2026-008 | B9: 46142 | C9: PJ2026-001 | D9: =IFERROR(VLOOKUP(C9,프로젝트!$A:$B,2,0),"") -> 위례 근린생활시설 신축공사 | E9: C005 | F9: =IFERROR(VLOOKUP(E9,거래처!$A:$B,2,0),"") -> (주)동성레미콘 | G9: 자재비 | H9: 레미콘(골조) | I9: 38000000 | J9: =IF(I9="","",ROUND(I9*기준정보!$B$9,0)) -> 3800000 | K9: =IF(I9="","",I9+J9) -> 41800000 | L9: 46173 | M9: 46171 | N9: 41800000 | O9: =IF(K9="","",K9-N9) -> 0 | P9: =IF(K9="","",IF(N9>=K9,"지급완료",IF(N9>0,"부분지급","미지급"))) -> 지급완료
A10: P-2026-009 | B10: 46142 | C10: PJ2026-001 | D10: =IFERROR(VLOOKUP(C10,프로젝트!$A:$B,2,0),"") -> 위례 근린생활시설 신축공사 | F10: =IFERROR(VLOOKUP(E10,거래처!$A:$B,2,0),"") | G10: 노무비 | H10: 직영 노무비(4월) | I10: 65000000 | J10: 0 | K10: =IF(I10="","",I10+J10) -> 65000000 | L10: 46152 | M10: 46150 | N10: 65000000 | O10: =IF(K10="","",K10-N10) -> 0 | P10: =IF(K10="","",IF(N10>=K10,"지급완료",IF(N10>0,"부분지급","미지급"))) -> 지급완료 | Q10: 면세(부가세 없음)
A11: P-2026-010 | B11: 46173 | C11: PJ2026-001 | D11: =IFERROR(VLOOKUP(C11,프로젝트!$A:$B,2,0),"") -> 위례 근린생활시설 신축공사 | E11: C008 | F11: =IFERROR(VLOOKUP(E11,거래처!$A:$B,2,0),"") -> 신화설비(주) | G11: 외주비 | H11: 설비공사 1차 기성 | I11: 62000000 | J11: =IF(I11="","",ROUND(I11*기준정보!$B$9,0)) -> 6200000 | K11: =IF(I11="","",I11+J11) -> 68200000 | L11: 46203 | M11: 46203 | N11: 68200000 | O11: =IF(K11="","",K11-N11) -> 0 | P11: =IF(K11="","",IF(N11>=K11,"지급완료",IF(N11>0,"부분지급","미지급"))) -> 지급완료
A12: P-2026-011 | B12: 46173 | C12: PJ2026-002 | D12: =IFERROR(VLOOKUP(C12,프로젝트!$A:$B,2,0),"") -> LH 행복주택 부대토목·조경공사 | E12: C006 | F12: =IFERROR(VLOOKUP(E12,거래처!$A:$B,2,0),"") -> 대한철강(주) | G12: 자재비 | H12: 경계석 등 자재 | I12: 24000000 | J12: =IF(I12="","",ROUND(I12*기준정보!$B$9,0)) -> 2400000 | K12: =IF(I12="","",I12+J12) -> 26400000 | L12: 46203 | M12: 46203 | N12: 26400000 | O12: =IF(K12="","",K12-N12) -> 0 | P12: =IF(K12="","",IF(N12>=K12,"지급완료",IF(N12>0,"부분지급","미지급"))) -> 지급완료
A13: P-2026-012 | B13: 46173 | D13: =IFERROR(VLOOKUP(C13,프로젝트!$A:$B,2,0),"") | E13: C011 | F13: =IFERROR(VLOOKUP(E13,거래처!$A:$B,2,0),"") -> (주)한솔산업안전 | G13: 일반관리비 | H13: 안전관리 위탁용역(상반기) | I13: 12000000 | J13: =IF(I13="","",ROUND(I13*기준정보!$B$9,0)) -> 1200000 | K13: =IF(I13="","",I13+J13) -> 13200000 | L13: 46188 | M13: 46188 | N13: 13200000 | O13: =IF(K13="","",K13-N13) -> 0 | P13: =IF(K13="","",IF(N13>=K13,"지급완료",IF(N13>0,"부분지급","미지급"))) -> 지급완료 | Q13: 본사
A14: P-2026-013 | B14: 46203 | C14: PJ2026-001 | D14: =IFERROR(VLOOKUP(C14,프로젝트!$A:$B,2,0),"") -> 위례 근린생활시설 신축공사 | E14: C005 | F14: =IFERROR(VLOOKUP(E14,거래처!$A:$B,2,0),"") -> (주)동성레미콘 | G14: 자재비 | H14: 레미콘(3층 슬라브) | I14: 35000000 | J14: =IF(I14="","",ROUND(I14*기준정보!$B$9,0)) -> 3500000 | K14: =IF(I14="","",I14+J14) -> 38500000 | L14: 46234 | O14: =IF(K14="","",K14-N14) -> 38500000 | P14: =IF(K14="","",IF(N14>=K14,"지급완료",IF(N14>0,"부분지급","미지급"))) -> 미지급
A15: P-2026-014 | B15: 46203 | C15: PJ2026-001 | D15: =IFERROR(VLOOKUP(C15,프로젝트!$A:$B,2,0),"") -> 위례 근린생활시설 신축공사 | E15: C007 | F15: =IFERROR(VLOOKUP(E15,거래처!$A:$B,2,0),"") -> (주)세움전기 | G15: 외주비 | H15: 전기공사 2차 기성 | I15: 48000000 | J15: =IF(I15="","",ROUND(I15*기준정보!$B$9,0)) -> 4800000 | K15: =IF(I15="","",I15+J15) -> 52800000 | L15: 46234 | O15: =IF(K15="","",K15-N15) -> 52800000 | P15: =IF(K15="","",IF(N15>=K15,"지급완료",IF(N15>0,"부분지급","미지급"))) -> 미지급
A16: P-2026-015 | B16: 46203 | C16: PJ2026-002 | D16: =IFERROR(VLOOKUP(C16,프로젝트!$A:$B,2,0),"") -> LH 행복주택 부대토목·조경공사 | E16: C009 | F16: =IFERROR(VLOOKUP(E16,거래처!$A:$B,2,0),"") -> (주)그린조경 | G16: 외주비 | H16: 조경 식재 2차 기성 | I16: 52000000 | J16: =IF(I16="","",ROUND(I16*기준정보!$B$9,0)) -> 5200000 | K16: =IF(I16="","",I16+J16) -> 57200000 | L16: 46234 | O16: =IF(K16="","",K16-N16) -> 57200000 | P16: =IF(K16="","",IF(N16>=K16,"지급완료",IF(N16>0,"부분지급","미지급"))) -> 미지급
A17: P-2026-016 | B17: 46203 | C17: PJ2026-003 | D17: =IFERROR(VLOOKUP(C17,프로젝트!$A:$B,2,0),"") -> 분당 사옥 리모델링공사 | E17: C010 | F17: =IFERROR(VLOOKUP(E17,거래처!$A:$B,2,0),"") -> 대성중기 | G17: 장비임차료 | H17: 철거·정리 장비(6월) | I17: 9500000 | J17: =IF(I17="","",ROUND(I17*기준정보!$B$9,0)) -> 950000 | K17: =IF(I17="","",I17+J17) -> 10450000 | L17: 46234 | O17: =IF(K17="","",K17-N17) -> 10450000 | P17: =IF(K17="","",IF(N17>=K17,"지급완료",IF(N17>0,"부분지급","미지급"))) -> 미지급
A18: P-2026-017 | B18: 46203 | C18: PJ2025-004 | D18: =IFERROR(VLOOKUP(C18,프로젝트!$A:$B,2,0),"") -> 하남 물류센터 신축 토공사(하도급) | F18: =IFERROR(VLOOKUP(E18,거래처!$A:$B,2,0),"") | G18: 노무비 | H18: 직영 노무비(6월) | I18: 28000000 | J18: 0 | K18: =IF(I18="","",I18+J18) -> 28000000 | L18: 46213 | O18: =IF(K18="","",K18-N18) -> 28000000 | P18: =IF(K18="","",IF(N18>=K18,"지급완료",IF(N18>0,"부분지급","미지급"))) -> 미지급 | Q18: 면세(부가세 없음)
A19: P-2026-018 | B19: 46203 | D19: =IFERROR(VLOOKUP(C19,프로젝트!$A:$B,2,0),"") | E19: C012 | F19: =IFERROR(VLOOKUP(E19,거래처!$A:$B,2,0),"") -> 김앤리세무회계 | G19: 일반관리비 | H19: 기장수수료(2분기) | I19: 900000 | J19: =IF(I19="","",ROUND(I19*기준정보!$B$9,0)) -> 90000 | K19: =IF(I19="","",I19+J19) -> 990000 | L19: 46213 | O19: =IF(K19="","",K19-N19) -> 990000 | P19: =IF(K19="","",IF(N19>=K19,"지급완료",IF(N19>0,"부분지급","미지급"))) -> 미지급 | Q19: 본사

Sheet 자금일보
A1: 일자 | B1: 구분 | C1: 계좌 | D1: 항목 | E1: 내용 | F1: 관련거래처 | G1: 입금액(원) | H1: 출금액(원) | I1: 잔액(원)
A2: 46023 | B2: 기초 | C2: 기업은행(주거래) | D2: 기초잔액 | E2: 2026년 기초잔액 | G2: 350000000 | I2: =G2-H2 -> 350000000
A3: 46066 | B3: 입금 | C3: 기업은행(주거래) | D3: 공사대금입금 | E3: 도로확포장공사 준공 정산금 | F3: 성남시청 | G3: 203500000 | I3: =I2+G3-H3 -> 553500000
A4: 46083 | B4: 입금 | C4: 기업은행(주거래) | D4: 공사대금입금 | E4: 물류센터 토공사 5회차 기성 | F4: (주)한빛종합건설 | G4: 104500000 | I4: =I3+G4-H4 -> 658000000
A5: 46090 | B5: 입금 | C5: 기업은행(주거래) | D5: 공사대금입금 | E5: 위례 근생 선급금 | F5: (주)대명디앤씨 | G5: 264000000 | I5: =I4+G5-H5 -> 922000000
A6: 46106 | B6: 출금 | C6: 기업은행(주거래) | D6: 급여 | E6: 3월 급여 | H6: 42000000 | I6: =I5+G6-H6 -> 880000000
A7: 46112 | B7: 출금 | C7: 기업은행(주거래) | D7: 자재대금 | E7: 레미콘 대금(2월분) | F7: (주)동성레미콘 | H7: 46200000 | I7: =I6+G7-H7 -> 833800000
A8: 46112 | B8: 출금 | C8: 기업은행(주거래) | D8: 자재대금 | E8: 철근 대금(2월분) | F8: 대한철강(주) | H8: 74800000 | I8: =I7+G8-H8 -> 759000000
A9: 46140 | B9: 입금 | C9: 기업은행(주거래) | D9: 공사대금입금 | E9: LH 행복주택 선급금 | F9: 한국토지주택공사(LH) | G9: 143000000 | I9: =I8+G9-H9 -> 902000000
A10: 46142 | B10: 입금 | C10: 기업은행(주거래) | D10: 공사대금입금 | E10: 물류센터 토공사 6회차 기성 | F10: (주)한빛종합건설 | G10: 96800000 | I10: =I9+G10-H10 -> 998800000
A11: 46142 | B11: 출금 | C11: 기업은행(주거래) | D11: 외주비지급 | E11: 전기공사 1차 기성 | F11: (주)세움전기 | H11: 60500000 | I11: =I10+G11-H11 -> 938300000
A12: 46150 | B12: 출금 | C12: 기업은행(주거래) | D12: 노무비지급 | E12: 직영 노무비(4월) | H12: 65000000 | I12: =I11+G12-H12 -> 873300000
A13: 46167 | B13: 출금 | C13: 기업은행(주거래) | D13: 급여 | E13: 5월 급여 | H13: 43500000 | I13: =I12+G13-H13 -> 829800000
A14: 46171 | B14: 입금 | C14: 기업은행(주거래) | D14: 공사대금입금 | E14: 위례 근생 1회차 기성 | F14: (주)대명디앤씨 | G14: 352000000 | I14: =I13+G14-H14 -> 1181800000
A15: 46171 | B15: 출금 | C15: 기업은행(주거래) | D15: 외주비지급 | E15: 조경 식재 1차 기성 | F15: (주)그린조경 | H15: 50600000 | I15: =I14+G15-H15 -> 1131200000
A16: 46183 | B16: 출금 | C16: 기업은행(주거래) | D16: 세금 | E16: 부가가치세 예정 고지 납부 | H16: 85000000 | I16: =I15+G16-H16 -> 1046200000
A17: 46198 | B17: 입금 | C17: 기업은행(주거래) | D17: 공사대금입금 | E17: LH 행복주택 1회차 기성 | F17: 한국토지주택공사(LH) | G17: 231000000 | I17: =I16+G17-H17 -> 1277200000
A18: 46198 | B18: 출금 | C18: 기업은행(주거래) | D18: 급여 | E18: 6월 급여 | H18: 43500000 | I18: =I17+G18-H18 -> 1233700000
A19: 46203 | B19: 입금 | C19: 기업은행(주거래) | D19: 공사대금입금 | E19: 물류센터 7회차 기성(부분) | F19: (주)한빛종합건설 | G19: 55000000 | I19: =I18+G19-H19 -> 1288700000
A20: 46203 | B20: 출금 | C20: 기업은행(주거래) | D20: 외주비지급 | E20: 설비공사 1차 기성 | F20: 신화설비(주) | H20: 68200000 | I20: =I19+G20-H20 -> 1220500000
A21: 46204 | B21: 출금 | C21: 기업은행(주거래) | D21: 임차료 | E21: 본사 사무실 임차료(7월) | H21: 3300000 | I21: =I20+G21-H21 -> 1217200000

Sheet 인사명부
A1: 사번 | B1: 성명 | C1: 부서 | D1: 직급 | E1: 입사일 | F1: 재직상태 | G1: 휴대폰 | H1: 이메일 | I1: 비고
A2: E001 | B2: 김정호 | C2: 임원 | D2: 대표이사 | E2: 42065 | F2: 재직 | G2: 010-0000-0001 | H2: ceo@sjdevel.com
A3: E002 | B3: 박성웅 | C3: 임원 | D3: 이사 | E3: 42870 | F3: 재직 | G3: 010-0000-0002 | H3: swpark@sjdevel.com | I3: 공사 총괄
A4: E003 | B4: 이미란 | C4: 경영지원부 | D4: 부장 | E4: 43132 | F4: 재직 | G4: 010-0000-0003 | H4: mrlee@sjdevel.com
A5: E004 | B5: 한상길 | C5: 공사부 | D5: 차장 | E5: 43647 | F5: 재직 | G5: 010-0000-0004 | H5: sghan@sjdevel.com | I5: 현장소장
A6: E005 | B6: 최준혁 | C6: 공무부 | D6: 과장 | E6: 43906 | F6: 재직 | G6: 010-0000-0005 | H6: jhchoi@sjdevel.com
A7: E006 | B7: 오민재 | C7: 공사부 | D7: 과장 | E7: 44200 | F7: 재직 | G7: 010-0000-0006 | H7: mjoh@sjdevel.com | I7: 현장소장
A8: E007 | B8: 정다은 | C8: 경영지원부 | D8: 대리 | E8: 44652 | F8: 재직 | G8: 010-0000-0007 | H8: dejung@sjdevel.com
A9: E008 | B9: 강지훈 | C9: 안전관리부 | D9: 사원 | E9: 45537 | F9: 재직 | G9: 010-0000-0008 | H9: jhkang@sjdevel.com
A10: E009 | B10: 윤소라 | C10: 공무부 | D10: 대리 | E10: 44348 | F10: 퇴사 | G10: 010-0000-0009 | I10: 2026-03-31 퇴사

Sheet 급여대장
A1: 귀속연월 | B1: 사번 | C1: 성명 | D1: 부서 | E1: 기본급(원) | F1: 제수당(원) | G1: 지급총액(원) | H1: 국민연금(원) | I1: 건강보험(원) | J1: 장기요양(원) | K1: 고용보험(원) | L1: 소득세(원) | M1: 지방소득세(원) | N1: 공제총액(원) | O1: 실지급액(원) | P1: 지급일 | Q1: 비고
A2: 46143 | B2: E001 | C2: =IFERROR(VLOOKUP(B2,인사명부!$A:$B,2,0),"") -> 김정호 | D2: =IFERROR(VLOOKUP(B2,인사명부!$A:$C,3,0),"") -> 임원 | E2: 9000000 | F2: 1000000 | G2: =E2+F2 -> 10000000 | H2: =ROUND(G2*기준정보!$B$12,0) -> 450000 | I2: =ROUND(G2*기준정보!$B$13,0) -> 354500 | J2: =ROUND(I2*기준정보!$B$14,0) -> 45908 | K2: =ROUND(G2*기준정보!$B$15,0) -> 90000 | L2: 950000 | M2: =ROUND(L2*0.1,0) -> 95000 | N2: =SUM(H2:M2) -> 1985408 | O2: =G2-N2 -> 8014592 | P2: 46167
A3: 46143 | B3: E002 | C3: =IFERROR(VLOOKUP(B3,인사명부!$A:$B,2,0),"") -> 박성웅 | D3: =IFERROR(VLOOKUP(B3,인사명부!$A:$C,3,0),"") -> 임원 | E3: 7500000 | F3: 800000 | G3: =E3+F3 -> 8300000 | H3: =ROUND(G3*기준정보!$B$12,0) -> 373500 | I3: =ROUND(G3*기준정보!$B$13,0) -> 294235 | J3: =ROUND(I3*기준정보!$B$14,0) -> 38103 | K3: =ROUND(G3*기준정보!$B$15,0) -> 74700 | L3: 620000 | M3: =ROUND(L3*0.1,0) -> 62000 | N3: =SUM(H3:M3) -> 1462538 | O3: =G3-N3 -> 6837462 | P3: 46167
A4: 46143 | B4: E003 | C4: =IFERROR(VLOOKUP(B4,인사명부!$A:$B,2,0),"") -> 이미란 | D4: =IFERROR(VLOOKUP(B4,인사명부!$A:$C,3,0),"") -> 경영지원부 | E4: 5800000 | F4: 600000 | G4: =E4+F4 -> 6400000 | H4: =ROUND(G4*기준정보!$B$12,0) -> 288000 | I4: =ROUND(G4*기준정보!$B$13,0) -> 226880 | J4: =ROUND(I4*기준정보!$B$14,0) -> 29381 | K4: =ROUND(G4*기준정보!$B$15,0) -> 57600 | L4: 380000 | M4: =ROUND(L4*0.1,0) -> 38000 | N4: =SUM(H4:M4) -> 1019861 | O4: =G4-N4 -> 5380139 | P4: 46167
A5: 46143 | B5: E004 | C5: =IFERROR(VLOOKUP(B5,인사명부!$A:$B,2,0),"") -> 한상길 | D5: =IFERROR(VLOOKUP(B5,인사명부!$A:$C,3,0),"") -> 공사부 | E5: 5200000 | F5: 900000 | G5: =E5+F5 -> 6100000 | H5: =ROUND(G5*기준정보!$B$12,0) -> 274500 | I5: =ROUND(G5*기준정보!$B$13,0) -> 216245 | J5: =ROUND(I5*기준정보!$B$14,0) -> 28004 | K5: =ROUND(G5*기준정보!$B$15,0) -> 54900 | L5: 320000 | M5: =ROUND(L5*0.1,0) -> 32000 | N5: =SUM(H5:M5) -> 925649 | O5: =G5-N5 -> 5174351 | P5: 46167
A6: 46143 | B6: E005 | C6: =IFERROR(VLOOKUP(B6,인사명부!$A:$B,2,0),"") -> 최준혁 | D6: =IFERROR(VLOOKUP(B6,인사명부!$A:$C,3,0),"") -> 공무부 | E6: 4600000 | F6: 500000 | G6: =E6+F6 -> 5100000 | H6: =ROUND(G6*기준정보!$B$12,0) -> 229500 | I6: =ROUND(G6*기준정보!$B$13,0) -> 180795 | J6: =ROUND(I6*기준정보!$B$14,0) -> 23413 | K6: =ROUND(G6*기준정보!$B$15,0) -> 45900 | L6: 240000 | M6: =ROUND(L6*0.1,0) -> 24000 | N6: =SUM(H6:M6) -> 743608 | O6: =G6-N6 -> 4356392 | P6: 46167
A7: 46143 | B7: E006 | C7: =IFERROR(VLOOKUP(B7,인사명부!$A:$B,2,0),"") -> 오민재 | D7: =IFERROR(VLOOKUP(B7,인사명부!$A:$C,3,0),"") -> 공사부 | E7: 4500000 | F7: 800000 | G7: =E7+F7 -> 5300000 | H7: =ROUND(G7*기준정보!$B$12,0) -> 238500 | I7: =ROUND(G7*기준정보!$B$13,0) -> 187885 | J7: =ROUND(I7*기준정보!$B$14,0) -> 24331 | K7: =ROUND(G7*기준정보!$B$15,0) -> 47700 | L7: 230000 | M7: =ROUND(L7*0.1,0) -> 23000 | N7: =SUM(H7:M7) -> 751416 | O7: =G7-N7 -> 4548584 | P7: 46167
A8: 46143 | B8: E007 | C8: =IFERROR(VLOOKUP(B8,인사명부!$A:$B,2,0),"") -> 정다은 | D8: =IFERROR(VLOOKUP(B8,인사명부!$A:$C,3,0),"") -> 경영지원부 | E8: 3800000 | F8: 300000 | G8: =E8+F8 -> 4100000 | H8: =ROUND(G8*기준정보!$B$12,0) -> 184500 | I8: =ROUND(G8*기준정보!$B$13,0) -> 145345 | J8: =ROUND(I8*기준정보!$B$14,0) -> 18822 | K8: =ROUND(G8*기준정보!$B$15,0) -> 36900 | L8: 120000 | M8: =ROUND(L8*0.1,0) -> 12000 | N8: =SUM(H8:M8) -> 517567 | O8: =G8-N8 -> 3582433 | P8: 46167
A9: 46143 | B9: E008 | C9: =IFERROR(VLOOKUP(B9,인사명부!$A:$B,2,0),"") -> 강지훈 | D9: =IFERROR(VLOOKUP(B9,인사명부!$A:$C,3,0),"") -> 안전관리부 | E9: 3200000 | F9: 300000 | G9: =E9+F9 -> 3500000 | H9: =ROUND(G9*기준정보!$B$12,0) -> 157500 | I9: =ROUND(G9*기준정보!$B$13,0) -> 124075 | J9: =ROUND(I9*기준정보!$B$14,0) -> 16068 | K9: =ROUND(G9*기준정보!$B$15,0) -> 31500 | L9: 80000 | M9: =ROUND(L9*0.1,0) -> 8000 | N9: =SUM(H9:M9) -> 417143 | O9: =G9-N9 -> 3082857 | P9: 46167
A10: 46174 | B10: E001 | C10: =IFERROR(VLOOKUP(B10,인사명부!$A:$B,2,0),"") -> 김정호 | D10: =IFERROR(VLOOKUP(B10,인사명부!$A:$C,3,0),"") -> 임원 | E10: 9000000 | F10: 1000000 | G10: =E10+F10 -> 10000000 | H10: =ROUND(G10*기준정보!$B$12,0) -> 450000 | I10: =ROUND(G10*기준정보!$B$13,0) -> 354500 | J10: =ROUND(I10*기준정보!$B$14,0) -> 45908 | K10: =ROUND(G10*기준정보!$B$15,0) -> 90000 | L10: 950000 | M10: =ROUND(L10*0.1,0) -> 95000 | N10: =SUM(H10:M10) -> 1985408 | O10: =G10-N10 -> 8014592 | P10: 46198
A11: 46174 | B11: E002 | C11: =IFERROR(VLOOKUP(B11,인사명부!$A:$B,2,0),"") -> 박성웅 | D11: =IFERROR(VLOOKUP(B11,인사명부!$A:$C,3,0),"") -> 임원 | E11: 7500000 | F11: 800000 | G11: =E11+F11 -> 8300000 | H11: =ROUND(G11*기준정보!$B$12,0) -> 373500 | I11: =ROUND(G11*기준정보!$B$13,0) -> 294235 | J11: =ROUND(I11*기준정보!$B$14,0) -> 38103 | K11: =ROUND(G11*기준정보!$B$15,0) -> 74700 | L11: 620000 | M11: =ROUND(L11*0.1,0) -> 62000 | N11: =SUM(H11:M11) -> 1462538 | O11: =G11-N11 -> 6837462 | P11: 46198
A12: 46174 | B12: E003 | C12: =IFERROR(VLOOKUP(B12,인사명부!$A:$B,2,0),"") -> 이미란 | D12: =IFERROR(VLOOKUP(B12,인사명부!$A:$C,3,0),"") -> 경영지원부 | E12: 5800000 | F12: 600000 | G12: =E12+F12 -> 6400000 | H12: =ROUND(G12*기준정보!$B$12,0) -> 288000 | I12: =ROUND(G12*기준정보!$B$13,0) -> 226880 | J12: =ROUND(I12*기준정보!$B$14,0) -> 29381 | K12: =ROUND(G12*기준정보!$B$15,0) -> 57600 | L12: 380000 | M12: =ROUND(L12*0.1,0) -> 38000 | N12: =SUM(H12:M12) -> 1019861 | O12: =G12-N12 -> 5380139 | P12: 46198
A13: 46174 | B13: E004 | C13: =IFERROR(VLOOKUP(B13,인사명부!$A:$B,2,0),"") -> 한상길 | D13: =IFERROR(VLOOKUP(B13,인사명부!$A:$C,3,0),"") -> 공사부 | E13: 5200000 | F13: 900000 | G13: =E13+F13 -> 6100000 | H13: =ROUND(G13*기준정보!$B$12,0) -> 274500 | I13: =ROUND(G13*기준정보!$B$13,0) -> 216245 | J13: =ROUND(I13*기준정보!$B$14,0) -> 28004 | K13: =ROUND(G13*기준정보!$B$15,0) -> 54900 | L13: 320000 | M13: =ROUND(L13*0.1,0) -> 32000 | N13: =SUM(H13:M13) -> 925649 | O13: =G13-N13 -> 5174351 | P13: 46198
... A17: 46174 | B17: E008 | C17: =IFERROR(VLOOKUP(B17,인사명부!$A:$B,2,0),"") -> 강지훈 | D17: =IFERROR(VLOOKUP(B17,인사명부!$A:$C,3,0),"") -> 안전관리부 | E17: 3200000 | F17: 300000 | G17: =E17+F17 -> 3500000 | H17: =ROUND(G17*기준정보!$B$12,0) -> 157500 | I17: =ROUND(G17*기준정보!$B$13,0) -> 124075 | J17: =ROUND(I17*기준정보!$B$14,0) -> 16068 | K17: =ROUND(G17*기준정보!$B$15,0) -> 31500 | L17: 80000 | M17: =ROUND(L17*0.1,0) -> 8000 | N17: =SUM(H17:M17) -> 417143 | O17: =G17-N17 -> 3082857 | P17: 46198

Sheet 월별요약
A1: 월별 경영 요약 — 신정개발(주)
A2: 매출·매입·자금·프로젝트 시트를 자동 집계합니다. 이 시트에는 값을 직접 입력하지 마세요.
A4: 진행중 프로젝트 수 | B4: =COUNTIF(프로젝트!$L$2:$L$300,"진행중") -> 4
A5: 수주잔고(진행중 계약금액, 공급가액) | B5: =SUMIF(프로젝트!$L$2:$L$300,"진행중",프로젝트!$I$2:$I$300) -> 5300000000
A6: 누적 매출(공급가액) | B6: =SUM(매출!$I$2:$I$500) -> 1893000000
A7: 누적 매입(공급가액) | B7: =SUM(매입!$I$2:$I$500) -> 626300000
A8: 매출총이익(매출-매입) | B8: =B6-B7 -> 1266700000
A9: 미수금 잔액 | B9: =SUM(매출!$P$2:$P$500) -> 632500000
A10: 미지급금 잔액 | B10: =SUM(매입!$O$2:$O$500) -> 187940000
A11: 현금 잔액(자금일보 최종) | B11: =IFERROR(LOOKUP(9.99E+307,자금일보!$I$2:$I$1000),0) -> 1217200000
A13: 월 | B13: 매출(공급가액) | C13: 매입(공급가액) | D13: 매출총이익 | E13: 수금액 | F13: 지급액
A14: 46023 | B14: =SUMIFS(매출!$I$2:$I$500,매출!$B$2:$B$500,">="&$A14,매출!$B$2:$B$500,"<"&EDATE($A14,1)) -> 280000000 | C14: =SUMIFS(매입!$I$2:$I$500,매입!$B$2:$B$500,">="&$A14,매입!$B$2:$B$500,"<"&EDATE($A14,1)) -> 18000000 | D14: =B14-C14 -> 262000000 | E14: =SUMIFS(매출!$O$2:$O$500,매출!$N$2:$N$500,">="&$A14,매출!$N$2:$N$500,"<"&EDATE($A14,1)) -> 0 | F14: =SUMIFS(매입!$N$2:$N$500,매입!$M$2:$M$500,">="&$A14,매입!$M$2:$M$500,"<"&EDATE($A14,1)) -> 0
A15: 46054 | B15: =SUMIFS(매출!$I$2:$I$500,매출!$B$2:$B$500,">="&$A15,매출!$B$2:$B$500,"<"&EDATE($A15,1)) -> 240000000 | C15: =SUMIFS(매입!$I$2:$I$500,매입!$B$2:$B$500,">="&$A15,매입!$B$2:$B$500,"<"&EDATE($A15,1)) -> 110000000 | D15: =B15-C15 -> 130000000 | E15: =SUMIFS(매출!$O$2:$O$500,매출!$N$2:$N$500,">="&$A15,매출!$N$2:$N$500,"<"&EDATE($A15,1)) -> 203500000 | F15: =SUMIFS(매입!$N$2:$N$500,매입!$M$2:$M$500,">="&$A15,매입!$M$2:$M$500,"<"&EDATE($A15,1)) -> 19800000
A16: 46082 | B16: =SUMIFS(매출!$I$2:$I$500,매출!$B$2:$B$500,">="&$A16,매출!$B$2:$B$500,"<"&EDATE($A16,1)) -> 88000000 | C16: =SUMIFS(매입!$I$2:$I$500,매입!$B$2:$B$500,">="&$A16,매입!$B$2:$B$500,"<"&EDATE($A16,1)) -> 77900000 | D16: =B16-C16 -> 10100000 | E16: =SUMIFS(매출!$O$2:$O$500,매출!$N$2:$N$500,">="&$A16,매출!$N$2:$N$500,"<"&EDATE($A16,1)) -> 368500000 | F16: =SUMIFS(매입!$N$2:$N$500,매입!$M$2:$M$500,">="&$A16,매입!$M$2:$M$500,"<"&EDATE($A16,1)) -> 121000000
A17: 46113 | B17: =SUMIFS(매출!$I$2:$I$500,매출!$B$2:$B$500,">="&$A17,매출!$B$2:$B$500,"<"&EDATE($A17,1)) -> 450000000 | C17: =SUMIFS(매입!$I$2:$I$500,매입!$B$2:$B$500,">="&$A17,매입!$B$2:$B$500,"<"&EDATE($A17,1)) -> 149000000 | D17: =B17-C17 -> 301000000 | E17: =SUMIFS(매출!$O$2:$O$500,매출!$N$2:$N$500,">="&$A17,매출!$N$2:$N$500,"<"&EDATE($A17,1)) -> 239800000 | F17: =SUMIFS(매입!$N$2:$N$500,매입!$M$2:$M$500,">="&$A17,매입!$M$2:$M$500,"<"&EDATE($A17,1)) -> 85690000
A18: 46143 | B18: =SUMIFS(매출!$I$2:$I$500,매출!$B$2:$B$500,">="&$A18,매출!$B$2:$B$500,"<"&EDATE($A18,1)) -> 302000000 | C18: =SUMIFS(매입!$I$2:$I$500,매입!$B$2:$B$500,">="&$A18,매입!$B$2:$B$500,"<"&EDATE($A18,1)) -> 98000000 | D18: =B18-C18 -> 204000000 | E18: =SUMIFS(매출!$O$2:$O$500,매출!$N$2:$N$500,">="&$A18,매출!$N$2:$N$500,"<"&EDATE($A18,1)) -> 352000000 | F18: =SUMIFS(매입!$N$2:$N$500,매입!$M$2:$M$500,">="&$A18,매입!$M$2:$M$500,"<"&EDATE($A18,1)) -> 157400000
A19: 46174 | B19: =SUMIFS(매출!$I$2:$I$500,매출!$B$2:$B$500,">="&$A19,매출!$B$2:$B$500,"<"&EDATE($A19,1)) -> 533000000 | C19: =SUMIFS(매입!$I$2:$I$500,매입!$B$2:$B$500,">="&$A19,매입!$B$2:$B$500,"<"&EDATE($A19,1)) -> 173400000 | D19: =B19-C19 -> 359600000 | E19: =SUMIFS(매출!$O$2:$O$500,매출!$N$2:$N$500,">="&$A19,매출!$N$2:$N$500,"<"&EDATE($A19,1)) -> 286000000 | F19: =SUMIFS(매입!$N$2:$N$500,매입!$M$2:$M$500,">="&$A19,매입!$M$2:$M$500,"<"&EDATE($A19,1)) -> 107800000
A20: 46204 | B20: =SUMIFS(매출!$I$2:$I$500,매출!$B$2:$B$500,">="&$A20,매출!$B$2:$B$500,"<"&EDATE($A20,1)) -> 0 | C20: =SUMIFS(매입!$I$2:$I$500,매입!$B$2:$B$500,">="&$A20,매입!$B$2:$B$500,"<"&EDATE($A20,1)) -> 0 | D20: =B20-C20 -> 0 | E20: =SUMIFS(매출!$O$2:$O$500,매출!$N$2:$N$500,">="&$A20,매출!$N$2:$N$500,"<"&EDATE($A20,1)) -> 0 | F20: =SUMIFS(매입!$N$2:$N$500,매입!$M$2:$M$500,">="&$A20,매입!$M$2:$M$500,"<"&EDATE($A20,1)) -> 0
A21: 46235 | B21: =SUMIFS(매출!$I$2:$I$500,매출!$B$2:$B$500,">="&$A21,매출!$B$2:$B$500,"<"&EDATE($A21,1)) -> 0 | C21: =SUMIFS(매입!$I$2:$I$500,매입!$B$2:$B$500,">="&$A21,매입!$B$2:$B$500,"<"&EDATE($A21,1)) -> 0 | D21: =B21-C21 -> 0 | E21: =SUMIFS(매출!$O$2:$O$500,매출!$N$2:$N$500,">="&$A21,매출!$N$2:$N$500,"<"&EDATE($A21,1)) -> 0 | F21: =SUMIFS(매입!$N$2:$N$500,매입!$M$2:$M$500,">="&$A21,매입!$M$2:$M$500,"<"&EDATE($A21,1)) -> 0
A22: 46266 | B22: =SUMIFS(매출!$I$2:$I$500,매출!$B$2:$B$500,">="&$A22,매출!$B$2:$B$500,"<"&EDATE($A22,1)) -> 0 | C22: =SUMIFS(매입!$I$2:$I$500,매입!$B$2:$B$500,">="&$A22,매입!$B$2:$B$500,"<"&EDATE($A22,1)) -> 0 | D22: =B22-C22 -> 0 | E22: =SUMIFS(매출!$O$2:$O$500,매출!$N$2:$N$500,">="&$A22,매출!$N$2:$N$500,"<"&EDATE($A22,1)) -> 0 | F22: =SUMIFS(매입!$N$2:$N$500,매입!$M$2:$M$500,">="&$A22,매입!$M$2:$M$500,"<"&EDATE($A22,1)) -> 0
A23: 46296 | B23: =SUMIFS(매출!$I$2:$I$500,매출!$B$2:$B$500,">="&$A23,매출!$B$2:$B$500,"<"&EDATE($A23,1)) -> 0 | C23: =SUMIFS(매입!$I$2:$I$500,매입!$B$2:$B$500,">="&$A23,매입!$B$2:$B$500,"<"&EDATE($A23,1)) -> 0 | D23: =B23-C23 -> 0 | E23: =SUMIFS(매출!$O$2:$O$500,매출!$N$2:$N$500,">="&$A23,매출!$N$2:$N$500,"<"&EDATE($A23,1)) -> 0 | F23: =SUMIFS(매입!$N$2:$N$500,매입!$M$2:$M$500,">="&$A23,매입!$M$2:$M$500,"<"&EDATE($A23,1)) -> 0
A24: 46327 | B24: =SUMIFS(매출!$I$2:$I$500,매출!$B$2:$B$500,">="&$A24,매출!$B$2:$B$500,"<"&EDATE($A24,1)) -> 0 | C24: =SUMIFS(매입!$I$2:$I$500,매입!$B$2:$B$500,">="&$A24,매입!$B$2:$B$500,"<"&EDATE($A24,1)) -> 0 | D24: =B24-C24 -> 0 | E24: =SUMIFS(매출!$O$2:$O$500,매출!$N$2:$N$500,">="&$A24,매출!$N$2:$N$500,"<"&EDATE($A24,1)) -> 0 | F24: =SUMIFS(매입!$N$2:$N$500,매입!$M$2:$M$500,">="&$A24,매입!$M$2:$M$500,"<"&EDATE($A24,1)) -> 0
A25: 46357 | B25: =SUMIFS(매출!$I$2:$I$500,매출!$B$2:$B$500,">="&$A25,매출!$B$2:$B$500,"<"&EDATE($A25,1)) -> 0 | C25: =SUMIFS(매입!$I$2:$I$500,매입!$B$2:$B$500,">="&$A25,매입!$B$2:$B$500,"<"&EDATE($A25,1)) -> 0 | D25: =B25-C25 -> 0 | E25: =SUMIFS(매출!$O$2:$O$500,매출!$N$2:$N$500,">="&$A25,매출!$N$2:$N$500,"<"&EDATE($A25,1)) -> 0 | F25: =SUMIFS(매입!$N$2:$N$500,매입!$M$2:$M$500,">="&$A25,매입!$M$2:$M$500,"<"&EDATE($A25,1)) -> 0
A26: 합계 | B26: =SUM(B14:B25) -> 1893000000 | C26: =SUM(C14:C25) -> 626300000 | D26: =SUM(D14:D25) -> 1266700000 | E26: =SUM(E14:E25) -> 1449800000 | F26: =SUM(F14:F25) -> 491690000
